{
	"ThemeHigh":1.0,
	"InspectorSelectedID":-1,
	"ThemeLow":1.0,
	"ThemeMid":0.75,
	"HierarchyOpen":true,
	"InspectorSelectedSceneID":-1,
	"ThemeBG":{
		"x":0.7843137383460999,
		"y":0.7843137383460999,
		"z":0.7843137383460999,
		"w":1.0
	},
	"ServicesOpen":false,
	"ThemeText":{
		"x":0.0,
		"y":0.0,
		"z":0.0,
		"w":0.0
	},
	"ThemeBase":{
		"x":1.0,
		"y":1.0,
		"z":1.0,
		"w":0.0
	},
	"ThemeOffset":1.0,
	"CameraPos":{
		"x":2.981780767440796,
		"y":2.771388530731201,
		"z":-6.933920860290527
	},
	"CameraDir":{
		"x":19.200027465820314,
		"y":680.2095336914063,
		"z":0.0
	},
	"InputOpen":false,
	"ResourcesOpen":true,
	"ThemeOpen":true,
	"LogOpen":true,
	"ViewportOpen":true,
	"InspectorOpen":true
}