{
	"ThemeHigh":0.3499999940395355,
	"InspectorSelectedID":-1,
	"ThemeLow":0.15000000596046449,
	"ThemeMid":0.25,
	"HierarchyOpen":true,
	"InspectorSelectedSceneID":-1,
	"ThemeBG":{
		"x":0.19607843458652497,
		"y":0.19607843458652497,
		"z":0.19607843458652497,
		"w":1.0
	},
	"ServicesOpen":false,
	"ThemeText":{
		"x":1.0,
		"y":1.0,
		"z":1.0,
		"w":1.0
	},
	"ThemeBase":{
		"x":1.0,
		"y":1.0,
		"z":1.0,
		"w":1.0
	},
	"ThemeOffset":-0.4000000059604645,
	"CameraPos":{
		"x":-3.5991313457489015,
		"y":1.6773052215576172,
		"z":-5.403555870056152
	},
	"CameraDir":{
		"x":19.99995994567871,
		"y":371.6018371582031,
		"z":0.0
	},
	"InputOpen":false,
	"ResourcesOpen":true,
	"ThemeOpen":false,
	"LogOpen":true,
	"ViewportOpen":true,
	"InspectorOpen":true
}