{
	"ThemeHigh":0.3499999940395355,
	"InspectorSelectedID":1,
	"ThemeLow":0.15000000596046449,
	"ThemeMid":0.25,
	"HierarchyOpen":true,
	"InspectorSelectedSceneID":3,
	"ThemeBG":{
		"x":0.19607843458652497,
		"y":0.19607843458652497,
		"z":0.19607843458652497,
		"w":1.0
	},
	"ServicesOpen":false,
	"ThemeText":{
		"x":1.0,
		"y":1.0,
		"z":1.0,
		"w":1.0
	},
	"ThemeBase":{
		"x":1.0,
		"y":1.0,
		"z":1.0,
		"w":1.0
	},
	"ThemeOffset":-0.4000000059604645,
	"CameraPos":{
		"x":0.9853305816650391,
		"y":2.6868271827697756,
		"z":-7.97870397567749
	},
	"CameraDir":{
		"x":14.199962615966797,
		"y":337.3907775878906,
		"z":0.0
	},
	"InputOpen":false,
	"ResourcesOpen":true,
	"ThemeOpen":true,
	"LogOpen":true,
	"ViewportOpen":true,
	"InspectorOpen":true
}