{
	"ThemeHigh":1.0,
	"InspectorSelectedID":2,
	"ThemeLow":1.0,
	"ThemeMid":0.75,
	"HierarchyOpen":true,
	"InspectorSelectedSceneID":3,
	"ThemeBG":{
		"x":0.7843137383460999,
		"y":0.7843137383460999,
		"z":0.7843137383460999,
		"w":1.0
	},
	"ServicesOpen":false,
	"ThemeText":{
		"x":0.0,
		"y":0.0,
		"z":0.0,
		"w":0.0
	},
	"ThemeBase":{
		"x":1.0,
		"y":1.0,
		"z":1.0,
		"w":0.0
	},
	"ThemeOffset":1.0,
	"CameraPos":{
		"x":-3.748490810394287,
		"y":2.8384177684783937,
		"z":-6.144871711730957
	},
	"CameraDir":{
		"x":16.200061798095704,
		"y":382.8006591796875,
		"z":0.0
	},
	"InputOpen":false,
	"ResourcesOpen":true,
	"ThemeOpen":true,
	"LogOpen":true,
	"ViewportOpen":true,
	"InspectorOpen":true
}