{
	"ThemeHigh":0.3499999940395355,
	"InspectorSelectedID":2,
	"ThemeLow":0.15000000596046449,
	"ThemeMid":0.25,
	"HierarchyOpen":true,
	"InspectorSelectedSceneID":3,
	"ThemeBG":{
		"x":0.19607843458652497,
		"y":0.19607843458652497,
		"z":0.19607843458652497,
		"w":1.0
	},
	"ServicesOpen":false,
	"ThemeText":{
		"x":1.0,
		"y":1.0,
		"z":1.0,
		"w":1.0
	},
	"ThemeBase":{
		"x":1.0,
		"y":1.0,
		"z":1.0,
		"w":1.0
	},
	"ThemeOffset":-0.4000000059604645,
	"CameraPos":{
		"x":-1.6819138526916505,
		"y":3.6954545974731447,
		"z":-6.575267791748047
	},
	"CameraDir":{
		"x":18.999956130981447,
		"y":366.00177001953127,
		"z":0.0
	},
	"InputOpen":false,
	"ResourcesOpen":true,
	"ThemeOpen":false,
	"LogOpen":true,
	"ViewportOpen":true,
	"InspectorOpen":true
}