{
	"ThemeHigh":1.0,
	"InspectorSelectedID":1,
	"ThemeLow":1.0,
	"ThemeMid":0.75,
	"HierarchyOpen":true,
	"InspectorSelectedSceneID":3,
	"ThemeBG":{
		"x":0.7843137383460999,
		"y":0.7843137383460999,
		"z":0.7843137383460999,
		"w":1.0
	},
	"ServicesOpen":false,
	"ThemeText":{
		"x":0.0,
		"y":0.0,
		"z":0.0,
		"w":0.0
	},
	"ThemeBase":{
		"x":1.0,
		"y":1.0,
		"z":1.0,
		"w":0.0
	},
	"ThemeOffset":1.0,
	"CameraPos":{
		"x":-2.8796226978302,
		"y":3.06652569770813,
		"z":-8.131702423095704
	},
	"CameraDir":{
		"x":11.599955558776856,
		"y":367.591064453125,
		"z":0.0
	},
	"InputOpen":false,
	"ResourcesOpen":true,
	"ThemeOpen":false,
	"LogOpen":true,
	"ViewportOpen":true,
	"InspectorOpen":true
}