{
	"ThemeHigh":1.0,
	"InspectorSelectedID":1,
	"ThemeLow":1.0,
	"ThemeMid":0.75,
	"HierarchyOpen":true,
	"InspectorSelectedSceneID":3,
	"ThemeBG":{
		"x":0.7843137383460999,
		"y":0.7843137383460999,
		"z":0.7843137383460999,
		"w":1.0
	},
	"ServicesOpen":false,
	"ThemeText":{
		"x":0.0,
		"y":0.0,
		"z":0.0,
		"w":0.0
	},
	"ThemeBase":{
		"x":1.0,
		"y":1.0,
		"z":1.0,
		"w":0.0
	},
	"ThemeOffset":1.0,
	"CameraPos":{
		"x":-0.0966121181845665,
		"y":3.0150980949401857,
		"z":-6.766003131866455
	},
	"CameraDir":{
		"x":19.000028610229493,
		"y":701.6094970703125,
		"z":0.0
	},
	"InputOpen":false,
	"ResourcesOpen":true,
	"ThemeOpen":true,
	"LogOpen":true,
	"ViewportOpen":true,
	"InspectorOpen":true
}