{
	"ThemeHigh":0.3499999940395355,
	"InspectorSelectedID":0,
	"ThemeLow":0.15000000596046449,
	"ThemeMid":0.25,
	"HierarchyOpen":true,
	"InspectorSelectedSceneID":3,
	"ThemeBG":{
		"x":0.19607843458652497,
		"y":0.19607843458652497,
		"z":0.19607843458652497,
		"w":1.0
	},
	"ServicesOpen":false,
	"ThemeText":{
		"x":1.0,
		"y":1.0,
		"z":1.0,
		"w":1.0
	},
	"ThemeBase":{
		"x":1.0,
		"y":1.0,
		"z":1.0,
		"w":1.0
	},
	"ThemeOffset":-0.4000000059604645,
	"CameraPos":{
		"x":-2.9575161933898927,
		"y":3.184873580932617,
		"z":-6.374481201171875
	},
	"CameraDir":{
		"x":20.999969482421876,
		"y":374.9918212890625,
		"z":0.0
	},
	"InputOpen":false,
	"ResourcesOpen":true,
	"ThemeOpen":false,
	"LogOpen":true,
	"ViewportOpen":true,
	"InspectorOpen":true
}