{
	"Name":"testScene",
	"Type":"SCENE",
	"ID":3,
	"Ext":"json",
	"Entities":[{
		"Prefab":0,
		"Transform":[0.829433798789978,
		-0.0000015549275076409686,
		0.5586047768592835,
		0.0,
		-0.000002697212948987726,
		1.0,
		0.000006788497557863593,
		0.0,
		-0.5586047768592835,
		-0.000007137285138014704,
		0.829433798789978,
		0.0,
		-3.7028393745422365,
		0.00865095853805542,
		0.0,
		1.0]
	},
	{
		"Prefab":0,
		"Transform":[2.460693597793579,
		0.0,
		3.228513240814209,
		0.0,
		0.0,
		1.0,
		0.0,
		0.0,
		-0.7953277826309204,
		0.0,
		0.6061792969703674,
		0.0,
		-2.107367992401123,
		-2.4033217430114748,
		0.7599244117736816,
		1.0]
	},
	{
		"Prefab":0,
		"Transform":[1.0,
		0.0,
		0.0,
		0.0,
		0.0,
		1.0,
		0.0,
		0.0,
		0.0,
		0.0,
		1.0,
		0.0,
		0.0,
		0.0,
		0.0,
		1.0]
	},
	{
		"Prefab":0,
		"Transform":[1.0,
		0.0,
		0.0,
		0.0,
		0.0,
		1.0,
		0.0,
		0.0,
		0.0,
		0.0,
		1.0,
		0.0,
		-1.9818402528762818,
		2.1627962589263918,
		0.7599244117736816,
		1.0]
	}]
}